{
    "accuracy": 0.21739130434782608,
    "precision": 0.3278545826932924,
    "recall": 0.2554945054945055,
    "f1": 0.18862032799389775,
    "confusion_matrix": [
        [
            1,
            17,
            3,
            0,
            1,
            0
        ],
        [
            0,
            8,
            6,
            0,
            0,
            0
        ],
        [
            0,
            12,
            10,
            0,
            0,
            0
        ],
        [
            0,
            0,
            13,
            0,
            3,
            0
        ],
        [
            0,
            0,
            7,
            0,
            6,
            0
        ],
        [
            0,
            25,
            3,
            0,
            0,
            0
        ]
    ],
    "avg_inference_time": 0.8186740522799285,
    "class_accuracy": [
        0.045454545454545456,
        0.5714285714285714,
        0.45454545454545453,
        0.0,
        0.46153846153846156,
        0.0
    ],
    "class_precision": [
        1.0,
        0.12903225806451613,
        0.23809523809523808,
        0.0,
        0.6,
        0.0
    ],
    "class_recall": [
        0.045454545454545456,
        0.5714285714285714,
        0.45454545454545453,
        0.0,
        0.46153846153846156,
        0.0
    ],
    "class_f1": [
        0.08695652173913043,
        0.21052631578947367,
        0.3125,
        0.0,
        0.5217391304347826,
        0.0
    ]
}